timeStamp,elapsed,label,responseCode,responseMessage,threadName,dataType,success,failureMessage,bytes,sentBytes,grpThreads,allThreads,URL,Latency,IdleTime,Connect
1665626889533,1881,HTTP Request,200,OK,Thread Group 1-1,text,true,,146720,309,3,3,http://www.google.com/search?q=rose&rlz=1C1YTUH_enIN1023IN1023&oq=rose&aqs=chrome.0.35i39j46i67i131i433j0i67i433j0i512j0i433i512j0i67j46i67i433j46i131i433i512j0i67i131i433j0i67i433.4447j0j15&sourceid=chrome&ie=UTF-8,756,0,437
1665626890091,1619,HTTP Request,200,OK,Thread Group 1-2,text,true,,145738,309,2,2,http://www.google.com/search?q=rose&rlz=1C1YTUH_enIN1023IN1023&oq=rose&aqs=chrome.0.35i39j46i67i131i433j0i67i433j0i512j0i433i512j0i67j46i67i433j46i131i433i512j0i67i131i433j0i67i433.4447j0j15&sourceid=chrome&ie=UTF-8,597,0,187
1665626891107,1548,HTTP Request,200,OK,Thread Group 1-3,text,true,,145739,309,2,2,http://www.google.com/search?q=rose&rlz=1C1YTUH_enIN1023IN1023&oq=rose&aqs=chrome.0.35i39j46i67i131i433j0i67i433j0i512j0i433i512j0i67j46i67i433j46i131i433i512j0i67i131i433j0i67i433.4447j0j15&sourceid=chrome&ie=UTF-8,605,0,306
1665626892099,1250,HTTP Request,200,OK,Thread Group 1-4,text,true,,140821,309,2,2,http://www.google.com/search?q=rose&rlz=1C1YTUH_enIN1023IN1023&oq=rose&aqs=chrome.0.35i39j46i67i131i433j0i67i433j0i512j0i433i512j0i67j46i67i433j46i131i433i512j0i67i131i433j0i67i433.4447j0j15&sourceid=chrome&ie=UTF-8,434,0,123
1665626893113,1467,HTTP Request,200,OK,Thread Group 1-5,text,true,,145732,309,2,2,http://www.google.com/search?q=rose&rlz=1C1YTUH_enIN1023IN1023&oq=rose&aqs=chrome.0.35i39j46i67i131i433j0i67i433j0i512j0i433i512j0i67j46i67i433j46i131i433i512j0i67i131i433j0i67i433.4447j0j15&sourceid=chrome&ie=UTF-8,543,0,235
1665626894106,1095,HTTP Request,200,OK,Thread Group 1-6,text,true,,145733,309,2,2,http://www.google.com/search?q=rose&rlz=1C1YTUH_enIN1023IN1023&oq=rose&aqs=chrome.0.35i39j46i67i131i433j0i67i433j0i512j0i433i512j0i67j46i67i433j46i131i433i512j0i67i131i433j0i67i433.4447j0j15&sourceid=chrome&ie=UTF-8,278,0,75
1665626895114,1212,HTTP Request,200,OK,Thread Group 1-7,text,true,,145737,309,2,2,http://www.google.com/search?q=rose&rlz=1C1YTUH_enIN1023IN1023&oq=rose&aqs=chrome.0.35i39j46i67i131i433j0i67i433j0i512j0i433i512j0i67j46i67i433j46i131i433i512j0i67i131i433j0i67i433.4447j0j15&sourceid=chrome&ie=UTF-8,387,0,79
1665626896098,1454,HTTP Request,200,OK,Thread Group 1-8,text,true,,144055,309,2,2,http://www.google.com/search?q=rose&rlz=1C1YTUH_enIN1023IN1023&oq=rose&aqs=chrome.0.35i39j46i67i131i433j0i67i433j0i512j0i433i512j0i67j46i67i433j46i131i433i512j0i67i131i433j0i67i433.4447j0j15&sourceid=chrome&ie=UTF-8,427,0,227
1665626897096,1184,HTTP Request,200,OK,Thread Group 1-9,text,true,,145996,309,2,2,http://www.google.com/search?q=rose&rlz=1C1YTUH_enIN1023IN1023&oq=rose&aqs=chrome.0.35i39j46i67i131i433j0i67i433j0i512j0i433i512j0i67j46i67i433j46i131i433i512j0i67i131i433j0i67i433.4447j0j15&sourceid=chrome&ie=UTF-8,271,0,85
1665626898086,1623,HTTP Request,200,OK,Thread Group 1-10,text,true,,145739,309,2,2,http://www.google.com/search?q=rose&rlz=1C1YTUH_enIN1023IN1023&oq=rose&aqs=chrome.0.35i39j46i67i131i433j0i67i433j0i512j0i433i512j0i67j46i67i433j46i131i433i512j0i67i131i433j0i67i433.4447j0j15&sourceid=chrome&ie=UTF-8,384,0,179
1665626899112,1409,HTTP Request,200,OK,Thread Group 1-11,text,true,,145732,309,2,2,http://www.google.com/search?q=rose&rlz=1C1YTUH_enIN1023IN1023&oq=rose&aqs=chrome.0.35i39j46i67i131i433j0i67i433j0i512j0i433i512j0i67j46i67i433j46i131i433i512j0i67i131i433j0i67i433.4447j0j15&sourceid=chrome&ie=UTF-8,587,0,185
1665626900098,1218,HTTP Request,200,OK,Thread Group 1-12,text,true,,145734,309,2,2,http://www.google.com/search?q=rose&rlz=1C1YTUH_enIN1023IN1023&oq=rose&aqs=chrome.0.35i39j46i67i131i433j0i67i433j0i512j0i433i512j0i67j46i67i433j46i131i433i512j0i67i131i433j0i67i433.4447j0j15&sourceid=chrome&ie=UTF-8,423,0,117
1665626901107,1267,HTTP Request,200,OK,Thread Group 1-13,text,true,,145546,309,2,2,http://www.google.com/search?q=rose&rlz=1C1YTUH_enIN1023IN1023&oq=rose&aqs=chrome.0.35i39j46i67i131i433j0i67i433j0i512j0i433i512j0i67j46i67i433j46i131i433i512j0i67i131i433j0i67i433.4447j0j15&sourceid=chrome&ie=UTF-8,551,0,201
1665626902103,1183,HTTP Request,200,OK,Thread Group 1-14,text,true,,145737,309,2,2,http://www.google.com/search?q=rose&rlz=1C1YTUH_enIN1023IN1023&oq=rose&aqs=chrome.0.35i39j46i67i131i433j0i67i433j0i512j0i433i512j0i67j46i67i433j46i131i433i512j0i67i131i433j0i67i433.4447j0j15&sourceid=chrome&ie=UTF-8,272,0,75
1665626903108,1305,HTTP Request,200,OK,Thread Group 1-15,text,true,,145737,309,2,2,http://www.google.com/search?q=rose&rlz=1C1YTUH_enIN1023IN1023&oq=rose&aqs=chrome.0.35i39j46i67i131i433j0i67i433j0i512j0i433i512j0i67j46i67i433j46i131i433i512j0i67i131i433j0i67i433.4447j0j15&sourceid=chrome&ie=UTF-8,379,0,178
1665626904115,1428,HTTP Request,200,OK,Thread Group 1-16,text,true,,145794,309,2,2,http://www.google.com/search?q=rose&rlz=1C1YTUH_enIN1023IN1023&oq=rose&aqs=chrome.0.35i39j46i67i131i433j0i67i433j0i512j0i433i512j0i67j46i67i433j46i131i433i512j0i67i131i433j0i67i433.4447j0j15&sourceid=chrome&ie=UTF-8,601,0,89
1665626905119,1441,HTTP Request,200,OK,Thread Group 1-17,text,true,,145732,309,2,2,http://www.google.com/search?q=rose&rlz=1C1YTUH_enIN1023IN1023&oq=rose&aqs=chrome.0.35i39j46i67i131i433j0i67i433j0i512j0i433i512j0i67j46i67i433j46i131i433i512j0i67i131i433j0i67i433.4447j0j15&sourceid=chrome&ie=UTF-8,419,0,108
1665626906096,1387,HTTP Request,200,OK,Thread Group 1-18,text,true,,145803,309,2,2,http://www.google.com/search?q=rose&rlz=1C1YTUH_enIN1023IN1023&oq=rose&aqs=chrome.0.35i39j46i67i131i433j0i67i433j0i512j0i433i512j0i67j46i67i433j46i131i433i512j0i67i131i433j0i67i433.4447j0j15&sourceid=chrome&ie=UTF-8,465,0,155
1665626907107,1197,HTTP Request,200,OK,Thread Group 1-19,text,true,,140816,309,2,2,http://www.google.com/search?q=rose&rlz=1C1YTUH_enIN1023IN1023&oq=rose&aqs=chrome.0.35i39j46i67i131i433j0i67i433j0i512j0i433i512j0i67j46i67i433j46i131i433i512j0i67i131i433j0i67i433.4447j0j15&sourceid=chrome&ie=UTF-8,377,0,167
1665626908116,1209,HTTP Request,200,OK,Thread Group 1-20,text,true,,144794,309,1,1,http://www.google.com/search?q=rose&rlz=1C1YTUH_enIN1023IN1023&oq=rose&aqs=chrome.0.35i39j46i67i131i433j0i67i433j0i512j0i433i512j0i67j46i67i433j46i131i433i512j0i67i131i433j0i67i433.4447j0j15&sourceid=chrome&ie=UTF-8,247,0,68
